download_link,
**********ant-ivy**********,
https://github.com/apache/ant-ivy/archive/1.4.1.zip     #1.4.1,
https://github.com/apache/ant-ivy/archive/2.0.0.zip     #2.0.0,
https://github.com/apache/ant-ivy/archive/2.1.0.zip     #2.1.0,
https://github.com/apache/ant-ivy/archive/2.2.0.zip     #2.2.0,
https://github.com/apache/ant-ivy/archive/2.3.0.zip     #2.3.0,
https://github.com/apache/ant-ivy/archive/2.4.0.zip     #2.4.0,
**********archiva**********,
https://github.com/apache/archiva/archive/archiva-1.0.zip     #1.0,
https://github.com/apache/archiva/archive/archiva-1.1.zip     #1.1,
https://github.com/apache/archiva/archive/archiva-1.2.zip     #1.2,
https://github.com/apache/archiva/archive/archiva-1.3.zip     #1.3,
https://github.com/apache/archiva/archive/archiva-2.0.0.zip     #2.0.0,
https://github.com/apache/archiva/archive/archiva-2.1.0.zip     #2.1.0,
https://github.com/apache/archiva/archive/archiva-2.2.0.zip     #2.2.0,
**********calcite**********,
https://github.com/apache/calcite/archive/rel/calcite-1.0.0-incubating.zip     #1.0.0,
https://github.com/apache/calcite/archive/rel/calcite-1.1.0-incubating.zip     #1.1.0,
https://github.com/apache/calcite/archive/rel/calcite-1.2.0-incubating.zip     #1.2.0,
https://github.com/apache/calcite/archive/rel/calcite-1.3.0-incubating.zip     #1.3.0,
https://github.com/apache/calcite/archive/rel/calcite-1.4.0-incubating.zip     #1.4.0,
https://github.com/apache/calcite/archive/rel/calcite-1.5.0.zip     #1.5.0,
https://github.com/apache/calcite/archive/rel/calcite-1.6.0.zip     #1.6.0,
https://github.com/apache/calcite/archive/calcite-1.7.0.zip     #1.7.0,
https://github.com/apache/calcite/archive/calcite-1.8.0.zip     #1.8.0,
https://github.com/apache/calcite/archive/calcite-1.9.0.zip     #1.9.0,
https://github.com/apache/calcite/archive/calcite-1.10.0.zip     #1.10.0,
https://github.com/apache/calcite/archive/calcite-1.11.0.zip     #1.11.0,
https://github.com/apache/calcite/archive/calcite-1.12.0.zip     #1.12.0,
https://github.com/apache/calcite/archive/calcite-1.13.0.zip     #1.13.0,
https://github.com/apache/calcite/archive/calcite-1.14.0.zip     #1.14.0,
https://github.com/apache/calcite/archive/calcite-1.15.0.zip     #1.15.0,
**********cayenne**********,
NONE     #3.0.0,https://github.com/apache/cayenne/archive/3.0-final.zip
NONE     #3.1.0,https://github.com/apache/cayenne/archive/cayenne-parent-3.1.zip
**********commons-bcel**********,
https://github.com/apache/commons-bcel/archive/BCEL_5_0.zip     #5.0,
https://github.com/apache/commons-bcel/archive/BCEL_5_1.zip     #5.1,
https://github.com/apache/commons-bcel/archive/BCEL_5_2.zip     #5.2,
https://github.com/apache/commons-bcel/archive/BCEL_6_0.zip     #6.0,
https://github.com/apache/commons-bcel/archive/BCEL_6_1.zip     #6.1,
https://github.com/apache/commons-bcel/archive/BCEL_6_2.zip     #6.2,
**********commons-beanutils**********,
https://github.com/apache/commons-beanutils/archive/BEANUTILS_1_0.zip     #1.0,
https://github.com/apache/commons-beanutils/archive/BEANUTILS_1_1.zip     #1.1,
https://github.com/apache/commons-beanutils/archive/BEANUTILS_1_2.zip     #1.2,
https://github.com/apache/commons-beanutils/archive/BEANUTILS_1_3.zip     #1.3,
https://github.com/apache/commons-beanutils/archive/BEANUTILS_1_4.zip     #1.4,
https://github.com/apache/commons-beanutils/archive/BEANUTILS_1_5.zip     #1.5,
https://github.com/apache/commons-beanutils/archive/BEANUTILS_1_6.zip     #1.6,
https://github.com/apache/commons-beanutils/archive/BEANUTILS_1_7_0.zip     #1.7.0,
https://github.com/apache/commons-beanutils/archive/BEANUTILS_1_8_0.zip     #1.8.0,
https://github.com/apache/commons-beanutils/archive/BEANUTILS_1_9_0.zip     #1.9.0,
**********commons-codec**********,
https://github.com/apache/commons-codec/archive/CODEC_1_1.zip     #1.1,
https://github.com/apache/commons-codec/archive/CODEC_1_2.zip     #1.2,
https://github.com/apache/commons-codec/archive/CODEC_1_3.zip     #1.3,
https://github.com/apache/commons-codec/archive/CODEC_1_4.zip     #1.4,
https://github.com/apache/commons-codec/archive/commons-codec-1.5.zip     #1.5,
https://github.com/apache/commons-codec/archive/1_6.zip     #1.6,
https://github.com/apache/commons-codec/archive/1.7.zip     #1.7,
https://github.com/apache/commons-codec/archive/1.8.zip     #1.8,
https://github.com/apache/commons-codec/archive/1.9.zip     #1.9,
https://github.com/apache/commons-codec/archive/1.10.zip     #1.10,
https://github.com/apache/commons-codec/archive/commons-codec-1.11.zip     #1.11,
**********commons-collections**********,
https://github.com/apache/commons-collections/archive/collections-1.0.zip     #1.0,
https://github.com/apache/commons-collections/archive/collections-2.0.zip     #2.0,
https://github.com/apache/commons-collections/archive/collections-2.1.zip     #2.1,
https://github.com/apache/commons-collections/archive/collections-3.0.zip     #3.0,
https://github.com/apache/commons-collections/archive/collections-3.1.zip     #3.1,
https://github.com/apache/commons-collections/archive/collections-3.2.zip     #3.2,
https://github.com/apache/commons-collections/archive/collections-3.3.zip     #3.3,
https://github.com/apache/commons-collections/archive/collections-4.0.zip     #4.0,
https://github.com/apache/commons-collections/archive/collections-4.1.zip     #4.1,
**********commons-compress**********,
https://github.com/apache/commons-compress/archive/rel/1.0.zip     #1.0,
https://github.com/apache/commons-compress/archive/rel/1.1.zip     #1.1,
https://github.com/apache/commons-compress/archive/rel/1.2.zip     #1.2,
https://github.com/apache/commons-compress/archive/rel/1.3.zip     #1.3,
https://github.com/apache/commons-compress/archive/rel/1.4.zip     #1.4,
https://github.com/apache/commons-compress/archive/rel/1.5.zip     #1.5,
https://github.com/apache/commons-compress/archive/rel/1.6.zip     #1.6,
https://github.com/apache/commons-compress/archive/rel/1.7.zip     #1.7,
https://github.com/apache/commons-compress/archive/rel/1.8.zip     #1.8,
https://github.com/apache/commons-compress/archive/rel/1.9.zip     #1.9,
https://github.com/apache/commons-compress/archive/rel/1.10.zip     #1.10,
https://github.com/apache/commons-compress/archive/rel/1.11.zip     #1.11,
https://github.com/apache/commons-compress/archive/rel/1.12.zip     #1.12,
https://github.com/apache/commons-compress/archive/rel/1.13.zip     #1.13,
https://github.com/apache/commons-compress/archive/rel/1.14.zip     #1.14,
https://github.com/apache/commons-compress/archive/rel/1.15.zip     #1.15,
https://github.com/apache/commons-compress/archive/rel/1.16.zip     #1.16,
**********commons-configuration**********,
https://github.com/apache/commons-configuration/archive/CONFIGURATION_1_0.zip     #1.0,
https://github.com/apache/commons-configuration/archive/CONFIGURATION_1_1.zip     #1.1,
https://github.com/apache/commons-configuration/archive/CONFIGURATION_1_2.zip     #1.2,
https://github.com/apache/commons-configuration/archive/CONFIGURATION_1_3.zip     #1.3,
https://github.com/apache/commons-configuration/archive/CONFIGURATION_1_4.zip     #1.4,
https://github.com/apache/commons-configuration/archive/CONFIGURATION_1_5.zip     #1.5,
https://github.com/apache/commons-configuration/archive/CONFIGURATION_1_6.zip     #1.6,
https://github.com/apache/commons-configuration/archive/CONFIGURATION_1_7.zip     #1.7,
https://github.com/apache/commons-configuration/archive/CONFIGURATION_1_8.zip     #1.8,
https://github.com/apache/commons-configuration/archive/CONFIGURATION_1_9.zip     #1.9,
https://github.com/apache/commons-configuration/archive/CONFIGURATION_1_10.zip     #1.10,
https://github.com/apache/commons-configuration/archive/CONFIGURATION_2_0.zip     #2.0,
https://github.com/apache/commons-configuration/archive/CONFIGURATION_2_1.zip     #2.1,
https://github.com/apache/commons-configuration/archive/CONFIGURATION_2_2.zip     #2.2,
**********commons-dbcp**********,
https://github.com/apache/commons-dbcp/archive/DBCP_1_0.zip     #1.0,
https://github.com/apache/commons-dbcp/archive/DBCP_1_1.zip     #1.1,
https://github.com/apache/commons-dbcp/archive/DBCP_1_2.zip     #1.2,
https://github.com/apache/commons-dbcp/archive/DBCP_1_3.zip     #1.3,
https://github.com/apache/commons-dbcp/archive/DBCP_1_4.zip     #1.4,
https://github.com/apache/commons-dbcp/archive/DBCP_2_0.zip     #2.0,
https://github.com/apache/commons-dbcp/archive/DBCP_2_1.zip     #2.1,
https://github.com/apache/commons-dbcp/archive/DBCP_2_2_0.zip     #2.2.0,
https://github.com/apache/commons-dbcp/archive/DBCP_2_3_0.zip     #2.3.0,
https://github.com/apache/commons-dbcp/archive/commons-dbcp-2.4.0.zip     #2.4.0,
https://github.com/apache/commons-dbcp/archive/commons-dbcp-2.5.0.zip     #2.5.0,
**********commons-digester**********,
https://github.com/apache/commons-digester/archive/DIGESTER_1_0.zip     #1.0,
https://github.com/apache/commons-digester/archive/DIGESTER_1_1.zip     #1.1,
https://github.com/apache/commons-digester/archive/DIGESTER_1_2.zip     #1.2,
https://github.com/apache/commons-digester/archive/DIGESTER_1_3.zip     #1.3,
https://github.com/apache/commons-digester/archive/DIGESTER_1_4.zip     #1.4,
https://github.com/apache/commons-digester/archive/DIGESTER_1_5.zip     #1.5,
https://github.com/apache/commons-digester/archive/DIGESTER_1_6.zip     #1.6,
https://github.com/apache/commons-digester/archive/DIGESTER_1_7.zip     #1.7,
https://github.com/apache/commons-digester/archive/DIGESTER_1_8.zip     #1.8,
https://github.com/apache/commons-digester/archive/DIGESTER_2_0.zip     #2.0,
https://github.com/apache/commons-digester/archive/DIGESTER_2_1.zip     #2.1,
NONE     #3.0,https://github.com/apache/commons-digester/archive/DIGESTER3_3_0.zip
NONE     #3.1,https://github.com/apache/commons-digester/archive/DIGESTER3_3_1.zip
NONE     #3.2,https://github.com/apache/commons-digester/archive/DIGESTER3_3_2.zip
**********commons-io**********,
https://github.com/apache/commons-io/archive/IO_1_0.zip     #1.0,
https://github.com/apache/commons-io/archive/IO_1_1.zip     #1.1,
https://github.com/apache/commons-io/archive/IO_1_2.zip     #1.2,
https://github.com/apache/commons-io/archive/IO_1_3.zip     #1.3,
https://github.com/apache/commons-io/archive/commons-io-1.4.zip     #1.4,
https://github.com/apache/commons-io/archive/commons-io-2.0.zip     #2.0,
https://github.com/apache/commons-io/archive/commons-io-2.1.zip     #2.1,
https://github.com/apache/commons-io/archive/2.2.zip     #2.2,
https://github.com/apache/commons-io/archive/2.3.zip     #2.3,
https://github.com/apache/commons-io/archive/2.4.zip     #2.4,
https://github.com/apache/commons-io/archive/2.5.zip     #2.5,
**********commons-jcs**********,
https://github.com/apache/commons-jcs/archive/JCS_1_0.zip     #1.0,
https://github.com/apache/commons-jcs/archive/jcs_1_1_dev.zip     #1.1,
https://github.com/apache/commons-jcs/archive/JCS_1_3.zip     #1.3,
https://github.com/apache/commons-jcs/archive/commons-jcs-2.0.zip     #2.0,
https://github.com/apache/commons-jcs/archive/commons-jcs-2.1.zip     #2.1,
https://github.com/apache/commons-jcs/archive/commons-jcs-2.2.zip     #2.2,
**********commons-jexl**********,
https://github.com/apache/commons-jexl/archive/COMMONS_JEXL-1_0.zip     #1.0,
https://github.com/apache/commons-jexl/archive/COMMONS_JEXL-1_1.zip     #1.1,
https://github.com/apache/commons-jexl/archive/COMMONS_JEXL_2_0.zip     #2.0,
https://github.com/apache/commons-jexl/archive/COMMONS_JEXL_2_1.zip     #2.1,
https://github.com/apache/commons-jexl/archive/COMMONS_JEXL_3_0.zip     #3.0,
https://github.com/apache/commons-jexl/archive/COMMONS_JEXL_3_1.zip     #3.1,
**********commons-lang**********,
https://github.com/apache/commons-lang/archive/LANG_1_0.zip     #1.0,
https://github.com/apache/commons-lang/archive/LANG_2_0.zip     #2.0,
https://github.com/apache/commons-lang/archive/LANG_2_1.zip     #2.1,
https://github.com/apache/commons-lang/archive/LANG_2_2.zip     #2.2,
https://github.com/apache/commons-lang/archive/LANG_2_3.zip     #2.3,
https://github.com/apache/commons-lang/archive/LANG_2_4.zip     #2.4,
https://github.com/apache/commons-lang/archive/LANG_2_5.zip     #2.5,
https://github.com/apache/commons-lang/archive/LANG_2_6.zip     #2.6,
https://github.com/apache/commons-lang/archive/LANG_3_0.zip     #3.0,
https://github.com/apache/commons-lang/archive/LANG_3_1.zip     #3.1,
https://github.com/apache/commons-lang/archive/LANG_3_2.zip     #3.2,
https://github.com/apache/commons-lang/archive/LANG_3_3.zip     #3.3,
https://github.com/apache/commons-lang/archive/LANG_3_4.zip     #3.4,
https://github.com/apache/commons-lang/archive/LANG_3_5.zip     #3.5,
https://github.com/apache/commons-lang/archive/LANG_3_6.zip     #3.6,
https://github.com/apache/commons-lang/archive/LANG_3_7.zip     #3.7,
**********commons-math**********,
https://github.com/apache/commons-math/archive/MATH_1_0.zip     #1.0,
https://github.com/apache/commons-math/archive/MATH_1_1.zip     #1.1,
https://github.com/apache/commons-math/archive/MATH_1_2.zip     #1.2,
https://github.com/apache/commons-math/archive/MATH_2_0.zip     #2.0,
https://github.com/apache/commons-math/archive/MATH_2_1.zip     #2.1,
https://github.com/apache/commons-math/archive/MATH_2_2.zip     #2.2,
https://github.com/apache/commons-math/archive/MATH_3_0.zip     #3.0,
https://github.com/apache/commons-math/archive/MATH_3_1.zip     #3.1,
https://github.com/apache/commons-math/archive/MATH_3_2.zip     #3.2,
https://github.com/apache/commons-math/archive/MATH_3_3.zip     #3.3,
https://github.com/apache/commons-math/archive/MATH_3_4.zip     #3.4,
https://github.com/apache/commons-math/archive/MATH_3_5.zip     #3.5,
https://github.com/apache/commons-math/archive/MATH_3_6.zip     #3.6,
**********commons-net**********,
https://github.com/apache/commons-net/archive/NET_1_0_0.zip     #1.0.0,
https://github.com/apache/commons-net/archive/NET_1_1_0.zip     #1.1.0,
https://github.com/apache/commons-net/archive/NET_1_2_0.zip     #1.2.0,
https://github.com/apache/commons-net/archive/NET_1_3_0.zip     #1.3.0,
https://github.com/apache/commons-net/archive/NET_1_4_0.zip     #1.4.0,
https://github.com/apache/commons-net/archive/NET_2_0.zip     #2.0,
https://github.com/apache/commons-net/archive/commons-net-2.1.zip     #2.1,
https://github.com/apache/commons-net/archive/NET_2_2.zip     #2.2,
https://github.com/apache/commons-net/archive/NET_3_0.zip     #3.0,
https://github.com/apache/commons-net/archive/NET_3_1.zip     #3.1,
https://github.com/apache/commons-net/archive/NET_3_2.zip     #3.2,
https://github.com/apache/commons-net/archive/NET_3_3.zip     #3.3,
https://github.com/apache/commons-net/archive/NET_3_4.zip     #3.4,
https://github.com/apache/commons-net/archive/NET_3_5.zip     #3.5,
https://github.com/apache/commons-net/archive/NET_3_6.zip     #3.6,
**********commons-scxml**********,
https://github.com/apache/commons-scxml/archive/SCXML_0_5.zip     #0.5,
https://github.com/apache/commons-scxml/archive/SCXML_0_6.zip     #0.6,
https://github.com/apache/commons-scxml/archive/SCXML_0_7.zip     #0.7,
https://github.com/apache/commons-scxml/archive/SCXML_0_8.zip     #0.8,
https://github.com/apache/commons-scxml/archive/SCXML_0_9.zip     #0.9,
**********commons-validator**********,
https://github.com/apache/commons-validator/archive/VALIDATOR_1_0.zip     #1.0,
https://github.com/apache/commons-validator/archive/VALIDATOR_1_1_0.zip     #1.1.0,
https://github.com/apache/commons-validator/archive/VALIDATOR_1_2_0.zip     #1.2.0,
https://github.com/apache/commons-validator/archive/VALIDATOR_1_3_0.zip     #1.3.0,
https://github.com/apache/commons-validator/archive/VALIDATOR_1_4_0.zip     #1.4.0,
https://github.com/apache/commons-validator/archive/VALIDATOR_1_5_0.zip     #1.5.0,
NONE     #1.6.0,https://github.com/apache/commons-validator/archive/VALIDATOR_1_6.zip
**********commons-vfs**********,
https://github.com/apache/commons-vfs/archive/vfs-1.0.zip     #1.0,
https://github.com/apache/commons-vfs/archive/rel/commons-vfs-2.0.zip     #2.0,
https://github.com/apache/commons-vfs/archive/rel/commons-vfs-2.1.zip     #2.1,
https://github.com/apache/commons-vfs/archive/rel/commons-vfs-2.2.zip     #2.2,
**********deltaspike**********,
https://github.com/apache/deltaspike/archive/deltaspike-project-0.1-incubating.zip     #0.1,
https://github.com/apache/deltaspike/archive/deltaspike-project-0.2-incubating.zip     #0.2,
https://github.com/apache/deltaspike/archive/deltaspike-project-0.3-incubating.zip     #0.3,
https://github.com/apache/deltaspike/archive/deltaspike-project-0.4.zip     #0.4,
https://github.com/apache/deltaspike/archive/deltaspike-project-0.5.zip     #0.5,
https://github.com/apache/deltaspike/archive/deltaspike-project-0.6.zip     #0.6,
https://github.com/apache/deltaspike/archive/deltaspike-project-0.7.zip     #0.7,
https://github.com/apache/deltaspike/archive/deltaspike-project-1.0.0.zip     #1.0.0,
https://github.com/apache/deltaspike/archive/deltaspike-project-1.1.0.zip     #1.1.0,
https://github.com/apache/deltaspike/archive/deltaspike-project-1.2.0.zip     #1.2.0,
https://github.com/apache/deltaspike/archive/deltaspike-root-1.3.0.zip     #1.3.0,
https://github.com/apache/deltaspike/archive/deltaspike-1.4.0.zip     #1.4.0,
https://github.com/apache/deltaspike/archive/deltaspike-1.5.0.zip     #1.5.0,
https://github.com/apache/deltaspike/archive/deltaspike-1.6.0.zip     #1.6.0,
https://github.com/apache/deltaspike/archive/deltaspike-1.7.0.zip     #1.7.0,
https://github.com/apache/deltaspike/archive/deltaspike-1.8.0.zip     #1.8.0,
**********eagle**********,
https://github.com/apache/eagle/archive/eagle-0.3.0-incubating.zip     #0.3.0,https://github.com/apache/eagle/archive/v0.3.0-incubating.zip
https://github.com/apache/eagle/archive/v0.4.0-incubating.zip     #0.4.0,
https://github.com/apache/eagle/archive/v0.5.0.zip     #0.5.0,
**********giraph**********,
https://github.com/apache/giraph/archive/release-0.1.0.zip     #0.1.0,
https://github.com/apache/giraph/archive/release-1.0.0-RC3.zip     #1.0.0,
https://github.com/apache/giraph/archive/release-1.1.0.zip     #1.1.0,
**********gora**********,
https://github.com/apache/gora/archive/0.1-incubating.zip     #0.1,
https://github.com/apache/gora/archive/gora-0.2.zip     #0.2,
https://github.com/apache/gora/archive/apache-gora-0.3.zip     #0.3,
https://github.com/apache/gora/archive/apache-gora-0.4.zip     #0.4,
https://github.com/apache/gora/archive/apache-gora-0.5.zip     #0.5,
https://github.com/apache/gora/archive/apache-gora-0.6.zip     #0.6,
https://github.com/apache/gora/archive/apache-gora-0.7.zip     #0.7,
https://github.com/apache/gora/archive/apache-gora-0.8.zip     #0.8,
**********jspwiki**********,
https://github.com/apache/jspwiki/archive/jspwiki_1_4_0.zip     #1.4.0,
https://github.com/apache/jspwiki/archive/jspwiki_1_5_0.zip     #1.5.0,
https://github.com/apache/jspwiki/archive/jspwiki_1_6_0.zip     #1.6.0,
https://github.com/apache/jspwiki/archive/jspwiki_1_7_0.zip     #1.7.0,
https://github.com/apache/jspwiki/archive/jspwiki_1_8_0.zip     #1.8.0,
https://github.com/apache/jspwiki/archive/jspwiki_2_0_36.zip     #2.0.36,
https://github.com/apache/jspwiki/archive/jspwiki_2_2_19.zip     #2.2.19,
https://github.com/apache/jspwiki/archive/jspwiki_2_4_56.zip     #2.4.56,
https://github.com/apache/jspwiki/archive/jspwiki_2_6_0.zip     #2.6.0,
https://github.com/apache/jspwiki/archive/jspwiki_2_8_0.zip     #2.8.0,
https://github.com/apache/jspwiki/archive/jspwiki_2_9_0_rc1.zip     #2.9.0,
https://github.com/apache/jspwiki/archive/jspwiki_2_10_0.zip     #2.10.0,
**********knox**********,
https://github.com/apache/knox/archive/v0.3.0-final.zip     #0.3.0,
https://github.com/apache/knox/archive/v0.4.0-release.zip     #0.4.0,
https://github.com/apache/knox/archive/v05.0-release.zip     #0.5.0,
https://github.com/apache/knox/archive/v0.6.0-release.zip     #0.6.0,
https://github.com/apache/knox/archive/v0.7.0-release.zip     #0.7.0,
https://github.com/apache/knox/archive/v0.8.0-release.zip     #0.8.0,
https://github.com/apache/knox/archive/v0.9.0-release.zip     #0.9.0,
https://github.com/apache/knox/archive/v0.10.0-release.zip     #0.10.0,
https://github.com/apache/knox/archive/v0.11.0-release.zip     #0.11.0,
https://github.com/apache/knox/archive/v0.12.0-release.zip     #0.12.0,
https://github.com/apache/knox/archive/v0.13.0-release.zip     #0.13.0,
https://github.com/apache/knox/archive/v0.14.0-release.zip     #0.14.0,
https://github.com/apache/knox/archive/v1.0.0-release.zip     #1.0.0,
**********kylin**********,
https://github.com/apache/kylin/archive/v0.6.1.zip     #0.6.1,
https://github.com/apache/kylin/archive/kylin-0.7.1-incubating.zip     #0.7.1,
https://github.com/apache/kylin/archive/kylin-1.0-incubating.zip     #1.0,
https://github.com/apache/kylin/archive/kylin-1.1-incubating.zip     #1.1,
https://github.com/apache/kylin/archive/kylin-1.2.zip     #1.2,
https://github.com/apache/kylin/archive/kylin-1.3.zip     #1.3,
https://github.com/apache/kylin/archive/kylin-1.5.0.zip     #1.5.0,
https://github.com/apache/kylin/archive/kylin-1.6.0.zip     #1.6.0,
https://github.com/apache/kylin/archive/kylin-2.0.0.zip     #2.0.0,
https://github.com/apache/kylin/archive/kylin-2.1.0.zip     #2.1.0,
https://github.com/apache/kylin/archive/kylin-2.2.0.zip     #2.2.0,
**********lens**********,
https://github.com/apache/lens/archive/apache-lens-2.6.0.zip     #2.6.0,
https://github.com/apache/lens/archive/apache-lens-2.7.0.zip     #2.7.0,
**********mahout**********,
https://github.com/apache/mahout/archive/mahout-0.1.zip     #0.1,
https://github.com/apache/mahout/archive/mahout-0.2.zip     #0.2,
https://github.com/apache/mahout/archive/mahout-0.3.zip     #0.3,
https://github.com/apache/mahout/archive/mahout-0.4.zip     #0.4,
https://github.com/apache/mahout/archive/mahout-0.5.zip     #0.5,
https://github.com/apache/mahout/archive/mahout-0.6.zip     #0.6,
https://github.com/apache/mahout/archive/mahout-0.7.zip     #0.7,
https://github.com/apache/mahout/archive/mahout-0.8.zip     #0.8,
https://github.com/apache/mahout/archive/mahout-0.9.zip     #0.9,
https://github.com/apache/mahout/archive/mahout-0.10.0.zip     #0.10.0,
https://github.com/apache/mahout/archive/mahout-0.11.0.zip     #0.11.0,
https://github.com/apache/mahout/archive/mahout-0.12.0.zip     #0.12.0,
https://github.com/apache/mahout/archive/mahout-0.13.0.zip     #0.13.0,
**********manifoldcf**********,
https://github.com/apache/manifoldcf/archive/release-0.1-incubating.zip     #0.1,
https://github.com/apache/manifoldcf/archive/release-0.2-incubating.zip     #0.2,
https://github.com/apache/manifoldcf/archive/release-0.3-incubating.zip     #0.3,
https://github.com/apache/manifoldcf/archive/release-0.4-incubating.zip     #0.4,
https://github.com/apache/manifoldcf/archive/release-0.5-incubating.zip     #0.5,
https://github.com/apache/manifoldcf/archive/release-0.6.zip     #0.6,
https://github.com/apache/manifoldcf/archive/release-1.0.zip     #1.0,
https://github.com/apache/manifoldcf/archive/release-1.1.zip     #1.1,
https://github.com/apache/manifoldcf/archive/release-1.2.zip     #1.2,
https://github.com/apache/manifoldcf/archive/release-1.3.zip     #1.3,
https://github.com/apache/manifoldcf/archive/release-1.4.zip     #1.4,
https://github.com/apache/manifoldcf/archive/release-1.5.zip     #1.5,
https://github.com/apache/manifoldcf/archive/release-1.6.zip     #1.6,
https://github.com/apache/manifoldcf/archive/release-1.7.zip     #1.7,
https://github.com/apache/manifoldcf/archive/release-1.8.zip     #1.8,
https://github.com/apache/manifoldcf/archive/release-1.9.zip     #1.9,
https://github.com/apache/manifoldcf/archive/release-1.10.zip     #1.10,
https://github.com/apache/manifoldcf/archive/release-2.0.zip     #2.0,
https://github.com/apache/manifoldcf/archive/release-2.1.zip     #2.1,
https://github.com/apache/manifoldcf/archive/release-2.2.zip     #2.2,
https://github.com/apache/manifoldcf/archive/release-2.3.zip     #2.3,
https://github.com/apache/manifoldcf/archive/release-2.4-RC0.zip     #2.4,
https://github.com/apache/manifoldcf/archive/release-2.5.zip     #2.5,
https://github.com/apache/manifoldcf/archive/release-2.6.zip     #2.6,
https://github.com/apache/manifoldcf/archive/release-2.7.zip     #2.7,
https://github.com/apache/manifoldcf/archive/release-2.8.zip     #2.8,
https://github.com/apache/manifoldcf/archive/release-2.9.zip     #2.9,
https://github.com/apache/manifoldcf/archive/release-2.10.zip     #2.10,
**********nutch**********,
https://github.com/apache/nutch/archive/release-0.7.zip     #0.7,
https://github.com/apache/nutch/archive/release-0.8.zip     #0.8,
https://github.com/apache/nutch/archive/release-0.9.zip     #0.9,
https://github.com/apache/nutch/archive/release-1.0.zip     #1.0,
https://github.com/apache/nutch/archive/release-1.1.zip     #1.1,
https://github.com/apache/nutch/archive/release-1.2.zip     #1.2,
https://github.com/apache/nutch/archive/release-1.3.zip     #1.3,
https://github.com/apache/nutch/archive/release-1.4.zip     #1.4,
https://github.com/apache/nutch/archive/release-1.5.zip     #1.5,
https://github.com/apache/nutch/archive/release-1.6.zip     #1.6,
https://github.com/apache/nutch/archive/release-1.7.zip     #1.7,
https://github.com/apache/nutch/archive/release-1.8.zip     #1.8,
https://github.com/apache/nutch/archive/release-1.9.zip     #1.9,
https://github.com/apache/nutch/archive/release-1.10.zip     #1.10,
https://github.com/apache/nutch/archive/release-1.11-rc2.zip     #1.11,
https://github.com/apache/nutch/archive/release-1.12.zip     #1.12,
https://github.com/apache/nutch/archive/release-1.13.zip     #1.13,
https://github.com/apache/nutch/archive/release-1.14.zip     #1.14,
https://github.com/apache/nutch/archive/release-2.0.zip     #2.0,
https://github.com/apache/nutch/archive/release-2.1.zip     #2.1,
https://github.com/apache/nutch/archive/release-2.2.zip     #2.2,
https://github.com/apache/nutch/archive/release-2.3.zip     #2.3,
**********opennlp**********,
https://github.com/apache/opennlp/archive/opennlp-1.7.0.zip     #1.7.0,
https://github.com/apache/opennlp/archive/opennlp-1.8.0.zip     #1.8.0,
**********parquet-mr**********,
https://github.com/apache/parquet-mr/archive/parquet-1.0.0.zip     #1.0.0,
https://github.com/apache/parquet-mr/archive/parquet-1.1.0.zip     #1.1.0,
https://github.com/apache/parquet-mr/archive/parquet-1.2.0.zip     #1.2.0,
https://github.com/apache/parquet-mr/archive/parquet-1.3.0.zip     #1.3.0,
https://github.com/apache/parquet-mr/archive/parquet-1.4.0.zip     #1.4.0,
https://github.com/apache/parquet-mr/archive/parquet-1.5.0.zip     #1.5.0,
https://github.com/apache/parquet-mr/archive/parquet-1.6.0rc7.zip     #1.6.0,https://github.com/apache/parquet-mr/archive/apache-parquet-mr-1.6.0-incubating.zip
https://github.com/apache/parquet-mr/archive/apache-parquet-1.7.0.zip     #1.7.0,
https://github.com/apache/parquet-mr/archive/parquet-1.8.0rc1.zip     #1.8.0,https://github.com/apache/parquet-mr/archive/apache-parquet-1.8.0.zip
https://github.com/apache/parquet-mr/archive/apache-parquet-1.9.0.zip     #1.9.0,
**********santuario-java**********,
https://github.com/apache/santuario-java/archive/v1_0_0.zip     #1.0.0,
https://github.com/apache/santuario-java/archive/v1_2j.zip     #1.2,
https://github.com/apache/santuario-java/archive/1.4.5.zip     #1.4.5,
NONE     #1.5.9,
https://github.com/apache/santuario-java/archive/2.0.0-beta.zip     #2.0.0,https://github.com/apache/santuario-java/archive/xmlsec-2.0.0.zip
https://github.com/apache/santuario-java/archive/xmlsec-2.1.0.zip     #2.1.0,
**********systemml**********,
NONE     #0.9,https://github.com/apache/systemml/archive/v0.9.0-incubating-rc3.zip
NONE     #0.10,https://github.com/apache/systemml/archive/0.10.0-incubating-rc2.zip
NONE     #0.11,https://github.com/apache/systemml/archive/v0.11.0-incubating-rc5.zip
NONE     #0.12,https://github.com/apache/systemml/archive/v0.12.0-incubating-rc2.zip
NONE     #0.13,https://github.com/apache/systemml/archive/v0.13.0-incubating-rc2.zip
NONE     #0.14,https://github.com/apache/systemml/archive/v0.14.0-incubating-rc4.zip
NONE     #0.15,https://github.com/apache/systemml/archive/v0.15.0-rc2.zip
https://github.com/apache/systemml/archive/v1.0.0-rc2.zip     #1.0.0,
https://github.com/apache/systemml/archive/v1.1.0-rc2.zip     #1.1.0,
https://github.com/apache/systemml/archive/v1.2.0-rc1.zip     #1.2.0,
**********tika**********,
https://github.com/apache/tika/archive/0.1-incubating.zip     #0.1,
https://github.com/apache/tika/archive/0.2.zip     #0.2,
https://github.com/apache/tika/archive/0.3.zip     #0.3,
https://github.com/apache/tika/archive/0.4.zip     #0.4,
https://github.com/apache/tika/archive/0.5.zip     #0.5,
https://github.com/apache/tika/archive/0.6.zip     #0.6,
https://github.com/apache/tika/archive/0.7.zip     #0.7,
https://github.com/apache/tika/archive/0.8.zip     #0.8,
https://github.com/apache/tika/archive/0.9.zip     #0.9,
https://github.com/apache/tika/archive/0.10.zip     #0.10,
https://github.com/apache/tika/archive/1.0.zip     #1.0,
https://github.com/apache/tika/archive/1.1.zip     #1.1,
https://github.com/apache/tika/archive/1.2.zip     #1.2,
https://github.com/apache/tika/archive/1.3.zip     #1.3,
https://github.com/apache/tika/archive/1.4.zip     #1.4,
https://github.com/apache/tika/archive/1.5.zip     #1.5,
https://github.com/apache/tika/archive/1.6.zip     #1.6,
https://github.com/apache/tika/archive/1.7.zip     #1.7,
https://github.com/apache/tika/archive/1.8.zip     #1.8,
https://github.com/apache/tika/archive/1.9-rc2.zip     #1.9,
https://github.com/apache/tika/archive/1.10.zip     #1.10,
https://github.com/apache/tika/archive/1.11-rc1.zip     #1.11,
https://github.com/apache/tika/archive/1.12-rc1.zip     #1.12,
https://github.com/apache/tika/archive/1.13.zip     #1.13,
https://github.com/apache/tika/archive/1.14-rc1.zip     #1.14,
https://github.com/apache/tika/archive/1.15.zip     #1.15,
https://github.com/apache/tika/archive/1.16.zip     #1.16,
https://github.com/apache/tika/archive/1.17.zip     #1.17,
**********wss4j**********,
https://github.com/apache/ws-wss4j/archive/1_5_0.zip     #1.5.0,
https://github.com/apache/ws-wss4j/archive/1_6_0.zip     #1.6.0,
https://github.com/apache/ws-wss4j/archive/wss4j-2.0.0.zip     #2.0.0,
https://github.com/apache/ws-wss4j/archive/wss4j-2.1.0.zip     #2.1.0,
https://github.com/apache/ws-wss4j/archive/wss4j-2.2.0.zip     #2.2.0,
